Islam in Ethiopia	0,9884	0,8095
Agnosticism	0,9851	0,9524
Centrism	0,9542	0,9286
Deism	0,9475	0,9524
Neoplatonism	0,9294	0,9762
Presbyterianism	0,9277	0,8571
Nationalism	0,9266	0,9286
Liberal democracy	0,9231	0,9524
Manichaeism	0,9170	0,4286
Separatism	0,9126	0,8095
Free trade	0,9094	0,8333
Expressionism	0,9040	0,7381
Glasnost	0,8972	0,7857
Aquatic animal	0,8781	0,0952
Nazism	0,8683	0,8571
Paganism	0,8640	0,9762
Assemblies of God	0,8566	0,3810
Celibacy	0,8559	0,8571
Affirmative action	0,8542	0,8571
Political correctness	0,8480	0,9286
Multiculturalism	0,8422	0,9048
Gun control	0,8409	0,7857
Absolute monarchy	0,8386	0,7857
New Democratic Party	0,8351	0,1667
Environmentalism	0,8343	0,8571
Freedom of speech	0,8320	0,9524
Hermeneutics	0,8299	0,7857
Orthodox Judaism	0,8287	0,8095
Direct action	0,8250	0,8095
Eastern Catholic Churches	0,8219	0,3095
Evangelism	0,8201	0,7381
Christian	0,8184	0,5000
Apostasy	0,8183	0,8810
Eastern Orthodox Church	0,8141	0,4286
Cultural assimilation	0,8126	0,9286
Grassroots	0,8099	0,5714
Iconoclasm	0,8098	0,8095
Democratic Unionist Party	0,8055	0,2619
Ancient Greek philosophy	0,8041	0,8571
Canadian Alliance	0,7937	0,5714
Abstract art	0,7921	0,6190
Learning disability	0,7878	0,6667
Monasticism	0,7858	0,9048
Colonial Revival architecture	0,7788	0,5238
Bourgeoisie	0,7771	0,8571
Promiscuity	0,7764	0,8333
Psychoanalysis	0,7760	0,7619
Advocacy	0,7715	0,8333
Dutch Reformed Church	0,7704	0,3810
Nuclear proliferation	0,7651	0,7857
Obesity	0,7641	0,6190
Manitoba Liberal Party	0,7624	0,2143
Catholic Church	0,7620	0,3571
Covenanter	0,7611	0,4762
Major depressive disorder	0,7583	0,6905
Ontology	0,7576	0,8333
Methodist Episcopal Church	0,7576	0,2143
National security	0,7541	0,7857
Police brutality	0,7527	0,5238
Intellectual disability	0,7504	0,5476
Environmentalist	0,7495	0,4524
Substance abuse	0,7488	0,7381
Great Purge	0,7472	0,3571
Natural selection	0,7468	0,8095
Confirmation	0,7395	0,8810
Equestrianism	0,7371	0,6667
Evil	0,7365	0,9762
Gothic Revival architecture	0,7363	0,5952
Faith	0,7357	0,9286
Polynomial	0,7345	0,5476
Metamorphism	0,7335	0,6667
Baroque	0,7306	0,7381
Black Panther Party	0,7269	0,2857
Dalit	0,7262	0,7381
Ovoviviparity	0,7215	0,6905
Computational complexity theory	0,7214	0,9048
Liberal arts education	0,7169	0,8095
Irish Parliamentary Party	0,7126	0,1667
Halakha	0,7122	0,4048
Predation	0,7119	0,6190
British National Party	0,7115	0,1905
Gerrymandering	0,7092	0,7857
Republic	0,7062	0,5952
Council of Chalcedon	0,6971	0,4524
Censorship	0,6967	0,8095
Polemic	0,6924	0,7619
Kuomintang	0,6922	0,1667
Pastoralism	0,6889	0,6429
Euphemism	0,6885	0,8810
Hamas	0,6839	0,2381
Responsible government	0,6837	0,8810
Creativity	0,6834	0,9524
Sexual dimorphism	0,6832	0,6190
Cato Institute	0,6815	0,0714
Metabolism	0,6811	0,5238
Semiotics	0,6800	0,7381
Biological life cycle	0,6777	0,7143
Extinction	0,6759	0,8333
Church in Wales	0,6726	0,1905
Sodomy	0,6715	0,3571
Functional analysis	0,6714	0,6429
Chabad	0,6702	0,3571
Immunodeficiency	0,6685	0,7381
Human sacrifice	0,6670	0,2857
Productivity	0,6659	0,8810
Industrialisation	0,6651	0,8333
Correlation and dependence	0,6633	0,8333
Astrology	0,6633	0,7857
Photojournalism	0,6623	0,5476
Apocrypha	0,6623	0,5476
Caucus	0,6546	0,3810
Corporate social responsibility	0,6545	0,9048
Electromagnetism	0,6531	0,5238
Bhikkhu	0,6526	0,2143
Conservation biology	0,6518	0,8095
Missionary	0,6503	0,3571
Intelligence quotient	0,6500	0,8571
Sunday school	0,6498	0,3571
Mission Revival architecture	0,6492	0,3810
Stochastic process	0,6481	0,8571
Cognitive science	0,6473	0,7619
French New Wave	0,6448	0,6190
Protest	0,6440	0,6429
Electroconvulsive therapy	0,6433	0,5476
Orbital inclination	0,6417	0,5476
Conflict of interest	0,6411	0,9524
Game theory	0,6406	0,9048
Equal Protection Clause	0,6366	0,7857
Cold War	0,6359	0,6429
Avatar	0,6357	0,8095
Prayer	0,6350	0,4524
Gastropoda	0,6340	0,1429
Chaos theory	0,6333	0,9286
Federation	0,6271	0,6190
American Craftsman	0,6269	0,4048
Mitzvah	0,6263	0,8095
Presbyterian polity	0,6258	0,8095
Hypertension	0,6252	0,5238
Congenital disorder	0,6235	0,4048
LGBT community	0,6229	0,4286
Rheumatoid arthritis	0,6206	0,1905
Gilded Age	0,6204	0,7381
List of essayists	0,6194	0,2381
Methodology	0,6191	0,7619
Socialite	0,6179	0,5000
Great power	0,6171	0,6190
Osteoarthritis	0,6165	0,2381
Brutalist architecture	0,6124	0,5714
Roman Rite	0,6109	0,6905
Politician	0,6097	0,1429
In vitro fertilisation	0,6093	0,4286
Refraction	0,6086	0,5000
Pro bono	0,6057	0,8571
Commonwealth of England	0,6043	0,4524
Amateur wrestling	0,6042	0,5476
Econometrics	0,6031	0,8571
Graph theory	0,6030	0,7619
Economics	0,6024	0,9286
Monetary policy	0,6021	0,9286
Doctrine	0,6021	0,8571
Innovation	0,6004	0,9048
Puppet state	0,6001	0,7381
Manifesto	0,5965	0,3333
Incertae sedis	0,5951	0,7857
Politburo	0,5928	0,4048
Environmental health	0,5911	0,7857
Grammatical person	0,5908	0,7143
Brahmin	0,5899	0,4286
Medical cannabis	0,5869	0,1190
Axis powers	0,5858	0,4048
Noun	0,5850	0,7143
Slang	0,5840	0,6905
Early modern period	0,5826	0,7619
Liberal arts college	0,5825	0,2381
Experiment	0,5825	0,5238
Anno Domini	0,5818	0,8571
De jure	0,5817	0,7619
Citizenship	0,5799	0,8095
Millennium Development Goals	0,5789	0,5714
Morganatic marriage	0,5787	0,6429
Grammatical case	0,5783	0,8571
Boycott	0,5757	0,7857
Coming of age	0,5735	0,9286
Dark matter	0,5724	0,6667
Irish Republican Army	0,5679	0,2143
Encyclical	0,5663	0,3810
London Missionary Society	0,5653	0,3095
First Cameron ministry	0,5651	0,2143
State school	0,5646	0,2381
First language	0,5642	0,6905
Pali	0,5621	0,2143
Foster care	0,5619	0,7381
Internally displaced person	0,5605	0,5000
Tobacco smoking	0,5575	0,3333
English Civil War	0,5555	0,4286
Embryonic stem cell	0,5539	0,1190
Religious studies	0,5511	0,8333
American literature	0,5479	0,4524
French Third Republic	0,5471	0,3333
Shooting	0,5423	0,1190
Machine learning	0,5376	0,8571
Midwife	0,5376	0,3095
Natural environment	0,5360	0,6667
Vernacular architecture	0,5356	0,4286
Immune system	0,5344	0,4524
Big Bang	0,5339	0,7381
Anthropologist	0,5312	0,2143
Articles of Confederation	0,5304	0,2857
Russian literature	0,5301	0,4286
Leprosy	0,5301	0,2381
Ornithology	0,5299	0,8333
Good Friday Agreement	0,5295	0,3571
Selective breeding	0,5289	0,5476
Chinese martial arts	0,5287	0,4286
Indian National Congress	0,5263	0,2857
Sicilian Mafia	0,5258	0,3095
Organ transplantation	0,5233	0,3571
Hagiography	0,5216	0,5476
Human Rights Campaign	0,5216	0,1905
Mnemonic	0,5215	0,7381
Master of Divinity	0,5143	0,6190
Euclidean space	0,5132	0,6429
Nacionalista Party	0,5117	0,1905
Fraternities and sororities	0,5112	0,4048
African National Congress	0,5104	0,2619
Fly fishing	0,5088	0,5714
House of Saud	0,5085	0,3333
House of Bourbon	0,5073	0,3095
Fall of Saigon	0,5071	0,6190
Central Intelligence Agency	0,5070	0,2619
Computer security	0,5070	0,6667
Purgatory	0,5034	0,9524
Sanskrit	0,5033	0,3810
French colonial empire	0,5011	0,2857
Apparent magnitude	0,5002	0,7143
Shorthand	0,5002	0,5238
Foreign Affairs	0,4992	0,0952
Religious institute	0,4975	0,3095
Italian Social Republic	0,4970	0,3571
Angel	0,4966	0,9286
Madrasa	0,4963	0,1667
Ophthalmology	0,4953	0,7857
Intracerebral hemorrhage	0,4953	0,1190
Economies of scale	0,4949	0,7381
Particle physics	0,4945	0,8810
Magnet school	0,4942	0,3095
Commerce Clause	0,4934	0,5714
Consumer	0,4933	0,2857
Guelphs and Ghibellines	0,4911	0,2619
Interwar period	0,4906	0,6429
Condensed matter physics	0,4903	0,8095
Seismology	0,4896	0,5952
House of York	0,4869	0,4286
Han Chinese	0,4861	0,0952
Knights of Columbus	0,4857	0,1429
Bungalow	0,4843	0,0238
Legislation	0,4840	0,7143
Dermatology	0,4827	0,8333
Security hacker	0,4822	0,3095
Philology	0,4815	0,8095
Hostage	0,4796	0,1429
Sailor	0,4794	0,2143
Culture	0,4788	0,8810
Alcohol by volume	0,4778	0,5952
American Medical Association	0,4776	0,1905
Oncology	0,4763	0,7381
Atlantic slave trade	0,4753	0,5714
Developing country	0,4744	0,8333
American Civil War	0,4742	0,3571
Advanced Encryption Standard	0,4741	0,5476
Urban sprawl	0,4732	0,6429
Ecosystem	0,4721	0,6190
Data mining	0,4705	0,8095
Contract killing	0,4696	0,4762
Creole language	0,4688	0,2381
Professional boxing	0,4682	0,2857
Applied mathematics	0,4679	0,8810
Neurosurgery	0,4670	0,4762
Primary school	0,4650	0,2381
Joseon	0,4636	0,1667
Model United Nations	0,4627	0,3571
British royal family	0,4621	0,1429
Fish migration	0,4619	0,6429
Shogun	0,4615	0,3333
Human body	0,4609	0,0238
Cultural heritage	0,4607	0,8333
Louisiana State Legislature	0,4605	0,4286
Practical joke	0,4597	0,6905
Bachelor of Commerce	0,4595	0,5000
House of Romanov	0,4594	0,4048
Hematology	0,4591	0,6905
Massacre	0,4578	0,4762
Assault	0,4560	0,5952
Orient	0,4545	0,7619
Farmer	0,4545	0,0714
Veterinary physician	0,4537	0,2381
Bharatiya Janata Party	0,4523	0,1429
Myocardial infarction	0,4522	0,2143
Edema	0,4499	0,2857
Bird migration	0,4490	0,5476
Appendicitis	0,4485	0,2857
Genetically modified organism	0,4477	0,1905
Pulp magazine	0,4461	0,1905
History of China	0,4460	0,7857
Land patent	0,4456	0,6905
Black market	0,4455	0,7619
Graduate school	0,4452	0,4286
Godparent	0,4440	0,5000
Fairy	0,4436	0,5000
Cosmic ray	0,4430	0,4286
European Economic Community	0,4424	0,3333
Manslaughter	0,4424	0,4524
SAT	0,4421	0,3095
News agency	0,4405	0,2619
Shinto shrine	0,4405	0,0714
Nationalist Congress Party	0,4403	0,2857
Encryption	0,4401	0,8095
History of art	0,4397	0,8333
Local government	0,4393	0,4524
New media	0,4393	0,6190
The Nation	0,4381	0,0476
Neutrino	0,4375	0,3810
Orbital period	0,4372	0,6667
Amplitude	0,4372	0,7143
Customer relationship management	0,4352	0,5714
American Revolutionary War	0,4350	0,5000
Member of Congress	0,4347	0,1667
Synchronised swimming	0,4334	0,2381
Fishery	0,4322	0,2143
New Model Army	0,4313	0,3333
Finite element method	0,4305	0,8571
Aramaic language	0,4304	0,2619
Krautrock	0,4295	0,3095
Early Middle Ages	0,4290	0,7143
Organic food	0,4266	0,2143
Narrative thread	0,4257	0,8810
Heian period	0,4255	0,7619
Sui dynasty	0,4250	0,4048
First French Empire	0,4219	0,3571
Model organism	0,4215	0,4524
Logistics	0,4209	0,8095
Geomorphology	0,4194	0,8810
Barbary pirates	0,4194	0,1190
Head of state	0,4192	0,3333
Magna Carta	0,4192	0,1667
Bacteria	0,4191	0,1905
Carnation Revolution	0,4181	0,3810
Class action	0,4175	0,4762
Politico	0,4171	0,2381
Holy See	0,4157	0,4048
German literature	0,4155	0,5476
High Middle Ages	0,4155	0,7619
Meteorology	0,4143	0,7619
Computer science	0,4143	0,8095
Software engineering	0,4123	0,8095
Noh	0,4106	0,4048
Invention	0,4088	0,7143
Nuclear weapons testing	0,4085	0,3095
Ranch	0,4085	0,0238
Numismatics	0,4067	0,7143
Natural satellite	0,4066	0,1429
Aerospace	0,4065	0,7619
Calorie	0,4062	0,7619
Hominidae	0,4041	0,1667
National Honor Society	0,4039	0,2857
Coronation	0,4038	0,4286
Robotics	0,4034	0,6429
Simulation	0,4025	0,6190
Mutiny	0,4025	0,7381
Cheerleading	0,4021	0,4286
State ownership	0,4012	0,9286
House of Burgesses	0,4005	0,4048
Canons Regular	0,3998	0,2619
Exoplanet	0,3998	0,1905
Cricket	0,3996	0,2381
Education in Switzerland	0,3996	0,6905
Democratic National Committee	0,3988	0,2857
Christian music	0,3986	0,3333
Glam rock	0,3980	0,4762
Professional association	0,3976	0,3810
Reconquista	0,3971	0,6429
Sibling	0,3962	0,2857
Daylight saving time	0,3958	0,8095
Planet	0,3941	0,0952
Star system	0,3926	0,3571
Council of Europe	0,3922	0,1905
Drug Enforcement Administration	0,3917	0,2143
Cuneiform script	0,3914	0,3571
Kidney	0,3913	0,0238
Human eye	0,3888	0,0000
Nomen dubium	0,3878	0,8095
Oral history	0,3864	0,6667
Parole	0,3854	0,7619
Church of Norway	0,3847	0,4286
Diffusion	0,3838	0,4048
Physicist	0,3837	0,1905
Grazing	0,3835	0,4048
Special Olympics	0,3832	0,2381
Apsis	0,3820	0,6667
Outer space	0,3810	0,4524
Important Bird Area	0,3810	0,4524
New wave music	0,3807	0,4762
Ottoman Turkish language	0,3801	0,3095
Embryo	0,3795	0,1190
Plankton	0,3790	0,0476
Governor of Texas	0,3788	0,1429
Air pollution	0,3785	0,4048
Breed registry	0,3782	0,2619
Distilled beverage	0,3746	0,0952
Melody	0,3745	0,2381
Cuban Missile Crisis	0,3736	0,5714
American Cancer Society	0,3735	0,2381
Chamber of commerce	0,3729	0,4762
Almshouse	0,3727	0,1905
Prefrontal cortex	0,3723	0,0952
Federal Election Commission	0,3718	0,1905
Norse mythology	0,3713	0,8810
Ivy League	0,3704	0,3571
Navigation	0,3669	0,7143
Skateboarding	0,3669	0,3810
Contemporary Christian music	0,3665	0,3810
Foreign exchange market	0,3650	0,4048
Anticonvulsant	0,3615	0,3571
Great Northern War	0,3591	0,2857
Internal Revenue Code	0,3582	0,4524
The Lancet	0,3579	0,0476
Dielectric	0,3578	0,3810
Desert Island Discs	0,3576	0,1667
Internal Revenue Service	0,3561	0,2619
Influenza	0,3549	0,3095
Group of Eight	0,3541	0,2381
Trip hop	0,3540	0,4048
Prime minister	0,3535	0,3333
GAA Interprovincial Championship	0,3531	0,1905
Cerebrospinal fluid	0,3518	0,0714
Filipino language	0,3512	0,2143
Indian Police Service	0,3504	0,0952
British Hong Kong	0,3503	0,5000
Mosque	0,3503	0,0238
Sniper	0,3486	0,1429
Teaching hospital	0,3474	0,2143
Nationalization	0,3470	0,9286
Academic term	0,3462	0,6429
Confederate States Army	0,3459	0,2143
Anthology	0,3456	0,3571
Materials science	0,3448	0,8333
Incense	0,3446	0,0000
Organic chemistry	0,3440	0,5952
Capitol Hill	0,3433	0,0238
Software development	0,3419	0,7857
Lichen	0,3409	0,0476
Colubridae	0,3407	0,1190
Slavic languages	0,3400	0,2619
Ancient Rome	0,3396	0,2619
Operation Enduring Freedom	0,3395	0,5952
Maryland General Assembly	0,3392	0,1190
Kingdom of Italy	0,3392	0,3095
Kelvin	0,3385	0,7143
Cistercians	0,3376	0,3095
Digital data	0,3371	0,6190
Puppet	0,3363	0,0000
Celsius	0,3358	0,6429
Carthusians	0,3356	0,2857
Construction	0,3355	0,2857
Musical notation	0,3345	0,5238
Organelle	0,3345	0,1667
Magistrate	0,3343	0,2619
Nucleic acid sequence	0,3335	0,5000
Doctor of Divinity	0,3325	0,6905
Post office	0,3285	0,0000
Carpentry	0,3284	0,5000
Queen consort	0,3284	0,3095
Reuters	0,3280	0,2619
Master of Philosophy	0,3280	0,5714
Blood plasma	0,3275	0,1190
License	0,3272	0,5952
Civil parish	0,3263	0,3333
London County Council	0,3259	0,2619
Al Jazeera	0,3250	0,1667
Lombards	0,3247	0,3095
Old World	0,3246	0,5476
Gamelan	0,3242	0,3571
Oregon State Senate	0,3235	0,0714
Musicology	0,3225	0,7857
Apartment	0,3222	0,0714
American Red Cross	0,3221	0,1905
Military engineering	0,3218	0,5952
Lecturer	0,3210	0,1905
Bachelor of Arts	0,3208	0,5238
Dairy	0,3207	0,2143
Australian Defence Force	0,3198	0,1429
Moscow Kremlin	0,3194	0,0238
Suffragan bishop	0,3190	0,2381
Large Hadron Collider	0,3187	0,0000
Franks	0,3185	0,3333
Greek alphabet	0,3185	0,3333
Poaching	0,3180	0,5714
Koku	0,3178	0,8333
Strategic bombing	0,3177	0,5714
Bantu languages	0,3172	0,2381
General authority	0,3141	0,5714
Doom metal	0,3108	0,4762
Explosion	0,3100	0,2143
Papal consistory	0,3096	0,3571
Curling	0,3084	0,1190
Visual cortex	0,3072	0,1667
Klondike Gold Rush	0,3071	0,5952
American Philosophical Society	0,3067	0,2143
Enclave and exclave	0,3066	0,3810
Congress of Vienna	0,3063	0,4762
Matter of Britain	0,3055	0,4286
Glossary of chess	0,3042	0,4762
Ptolemy	0,3041	0,1429
Metropolitan bishop	0,3032	0,3333
Electronic dance music	0,3030	0,4286
Molecular phylogenetics	0,3026	0,6429
Indian reservation	0,3026	0,1667
Germination	0,3021	0,6905
Mergers and acquisitions	0,3018	0,6667
Battle	0,3018	0,3810
Breed	0,3012	0,5476
Tamil language	0,3001	0,3333
The Guardian	0,2998	0,0714
Persian language	0,2997	0,2619
Saturn	0,2996	0,0714
Master of ceremonies	0,2991	0,2381
Ape	0,2985	0,0714
Mitochondrion	0,2984	0,0714
Radiocarbon dating	0,2977	0,5952
National Audubon Society	0,2960	0,2857
Center of mass	0,2949	0,6905
Governor of California	0,2926	0,2381
Crowdfunding	0,2916	0,7619
Contemporary classical music	0,2914	0,5238
Civilian Conservation Corps	0,2910	0,4286
European Central Bank	0,2908	0,1905
CBS News	0,2906	0,3810
Carnatic music	0,2901	0,3810
Human Development Index	0,2900	0,7381
Oregon Legislative Assembly	0,2899	0,3333
Government Accountability Office	0,2893	0,1905
Extreme metal	0,2891	0,5714
Medical evacuation	0,2890	0,5952
Story arc	0,2884	0,7143
First Bulgarian Empire	0,2878	0,4048
Neutron	0,2874	0,3333
Archive	0,2872	0,3571
Domain Name System	0,2871	0,7143
Morse code	0,2864	0,5238
Festival	0,2857	0,3095
Earth Day	0,2856	0,6667
Goguryeo	0,2855	0,2857
Circuit court	0,2845	0,5952
Odia language	0,2845	0,3095
Babylonia	0,2844	0,3571
Geographic information system	0,2835	0,4048
Welsh Government	0,2834	0,1429
Blood vessel	0,2831	0,0000
Space station	0,2830	0,0238
Ascension of Jesus	0,2830	0,7381
Dominican Order	0,2827	0,2857
Viral video	0,2825	0,4524
Musician	0,2819	0,2619
B cell	0,2813	0,0714
Ab urbe condita	0,2806	0,8810
Firearm	0,2804	0,0000
Soft drink	0,2792	0,0000
Scotland Yard	0,2789	0,1190
Greyhound racing	0,2789	0,1667
Manhattan Project	0,2788	0,3810
General contractor	0,2782	0,2381
Cerebellum	0,2753	0,0952
Pentecost	0,2753	0,6429
Ski	0,2748	0,0714
Plumage	0,2748	0,0476
Rama	0,2747	0,6429
Assizes	0,2737	0,5714
Sedimentary rock	0,2725	0,0238
Easy listening	0,2718	0,5000
Low German	0,2709	0,2381
Landslide	0,2705	0,0238
Down Beat	0,2685	0,0714
Gospel of John	0,2684	0,4286
Intercontinental ballistic missile	0,2680	0,1429
Anxiolytic	0,2674	0,4524
Continental climate	0,2658	0,7143
Detroit Free Press	0,2655	0,0714
Congressional Research Service	0,2653	0,1905
Massachusetts Bay Colony	0,2653	0,2143
Hypha	0,2637	0,0952
Middleweight	0,2636	0,5476
Freshman	0,2636	0,3571
ESports	0,2635	0,4286
Sensu	0,2620	0,9048
Nine News	0,2617	0,1429
Mansion	0,2614	0,0000
Halloween	0,2612	0,6667
Kilobyte	0,2612	0,7619
Major League Baseball	0,2606	0,1905
Roman legion	0,2593	0,3095
Court of Session	0,2582	0,2143
Trance music	0,2576	0,4048
Cartilage	0,2573	0,0238
The Pentagon	0,2573	0,0476
Crop	0,2572	0,2381
Operation Barbarossa	0,2567	0,3333
Hip hop music	0,2565	0,2857
American Chemical Society	0,2564	0,3810
Invasion of Yugoslavia	0,2549	0,3571
Lawrence of Rome	0,2549	0,0952
British Classic Races	0,2548	0,1429
Incandescent light bulb	0,2546	0,0000
Canadian Broadcasting Corporation	0,2539	0,1190
Intron	0,2527	0,4048
Little League Baseball	0,2525	0,2857
All Things Considered	0,2523	0,3095
Fall of Constantinople	0,2523	0,3810
Larry King Live	0,2523	0,1190
Temperate climate	0,2514	0,5238
Biome	0,2514	0,4286
Digital rights management	0,2508	0,6905
Cardiac muscle	0,2505	0,0476
Prior	0,2498	0,6905
Letter of marque	0,2495	0,3333
Inorganic compound	0,2492	0,2619
Embroidery	0,2486	0,1190
Nuclear Regulatory Commission	0,2478	0,4048
Fodder	0,2476	0,1429
Canadian Armed Forces	0,2476	0,1429
Close air support	0,2472	0,3571
Calypso music	0,2470	0,3333
Christian cross variants	0,2461	0,2857
Swiss franc	0,2448	0,1667
Kingdom of Jerusalem	0,2447	0,3571
Panchayati raj	0,2446	0,6667
Ceramic	0,2443	0,0000
Broadcast syndication	0,2443	0,8571
Hanseatic League	0,2441	0,2381
Mouse	0,2419	0,0000
Count	0,2418	0,4524
Huns	0,2411	0,2619
Eel	0,2406	0,0238
Adult album alternative	0,2401	0,5714
Ska	0,2395	0,4286
Neurotransmitter	0,2386	0,1905
Free Software Foundation	0,2381	0,2381
Drowned in Sound	0,2378	0,3571
Cabinet Office	0,2378	0,2619
Gospel of Mark	0,2374	0,2143
Biblical manuscript	0,2370	0,0000
Diameter	0,2367	0,2619
Stainless steel	0,2366	0,0238
Hubble Space Telescope	0,2360	0,0000
National Historic Landmark	0,2358	0,4524
Chameleon	0,2357	0,0000
Porcelain	0,2345	0,0000
International Electrotechnical Commission	0,2341	0,1667
Memorandum of understanding	0,2328	0,5476
Bird	0,2327	0,0238
Factory	0,2325	0,0000
Federal Trade Commission	0,2316	0,2143
Optical fiber	0,2313	0,0714
Ore	0,2305	0,0714
Christmas	0,2303	0,6429
Minnesota Senate	0,2297	0,2143
Dancehall	0,2294	0,3333
Light infantry	0,2291	0,3095
Azerbaijani language	0,2289	0,2381
French Army	0,2285	0,1429
Nuclear power plant	0,2285	0,0238
Minor Planet Center	0,2280	0,2143
Demographics of India	0,2272	0,5000
Pearl	0,2272	0,0000
Glycoprotein	0,2263	0,1190
Hanja	0,2255	0,4524
Kingdom of Sardinia	0,2242	0,3333
Emeritus	0,2240	0,7619
Kingdom of Serbia	0,2237	0,3095
Terrestrial television	0,2225	0,5238
Electorate of Saxony	0,2224	0,2857
Bank of England	0,2220	0,2143
Norwegian language	0,2212	0,3571
Livery company	0,2203	0,1667
Internet protocol suite	0,2200	0,6429
Oxide	0,2200	0,3810
Budweiser	0,2198	0,1905
California State Legislature	0,2190	0,2619
Hangul	0,2187	0,2143
Bronze Age	0,2186	0,7857
Green algae	0,2178	0,0000
Doctor of Philosophy	0,2176	0,5000
Carriage	0,2171	0,0000
Camogie	0,2170	0,2619
Gunpowder	0,2167	0,0000
Plantation	0,2155	0,0000
Camino de Santiago	0,2148	0,2381
Naval rating	0,2140	0,4048
Small forward	0,2137	0,2143
Indus Valley Civilisation	0,2127	0,3571
Vacuum tube	0,2120	0,0238
Ramesses II	0,2115	0,1905
New York Constitution	0,2113	0,1905
Polish language	0,2112	0,4048
Monkey	0,2110	0,0238
Organist	0,2108	0,1429
Grizzly bear	0,2099	0,0000
Slot machine	0,2099	0,0000
CBC Radio One	0,2096	0,1429
Whitewater slalom	0,2096	0,3333
Canvas	0,2092	0,0000
Doge of Venice	0,2088	0,2619
Cytosol	0,2081	0,0714
Consequence of Sound	0,2078	0,1190
British Overseas Territories	0,2072	0,1905
Ice	0,2072	0,0000
Medal	0,2071	0,0238
Plant nursery	0,2070	0,0238
Holocene	0,2068	0,8095
International Astronomical Union	0,2066	0,2619
Hip hop production	0,2060	0,6667
Government of India	0,2054	0,2143
Water well	0,2053	0,0000
Playing card	0,2045	0,0000
Computer keyboard	0,2044	0,0000
Length between perpendiculars	0,2032	0,3571
Sound effect	0,2027	0,4048
Canada Council	0,2023	0,1667
Cue sports	0,2023	0,3333
Katholieke Universiteit Leuven	0,2020	0,0238
Horse markings	0,2003	0,1429
Graded stakes race	0,2002	0,3571
Carthage	0,2001	0,1905
Local education authority	0,1993	0,3333
Russian ruble	0,1990	0,2619
Dominion of India	0,1986	0,3095
Aligarh Muslim University	0,1983	0,0238
Flash memory	0,1981	0,6429
Internment	0,1977	0,5476
Toyota Center	0,1969	0,0000
Williams College	0,1964	0,0476
Mount Holyoke College	0,1962	0,0238
BBC Sport	0,1960	0,1667
Hussar	0,1959	0,1429
Chicken	0,1958	0,0000
Baritone	0,1957	0,2619
Alternating current	0,1952	0,6667
North West Company	0,1948	0,3333
Bengal tiger	0,1945	0,0000
British North America	0,1939	0,1905
Octave	0,1939	0,6429
BuzzFeed	0,1937	0,1905
Cinema of Italy	0,1937	0,5238
Hermitage Museum	0,1934	0,0476
Brass	0,1933	0,0000
Liner notes	0,1916	0,0000
National Hurling League	0,1914	0,2143
Crossbow	0,1912	0,0000
Bassline	0,1911	0,3095
Bow and arrow	0,1911	0,0476
Australian National University	0,1907	0,0476
Baylor University	0,1906	0,0476
Israeli Air Force	0,1904	0,1905
Multitrack recording	0,1904	0,3333
Cloud forest	0,1898	0,1905
International Cricket Council	0,1896	0,2381
Chancellor	0,1896	0,4048
Bagpipes	0,1891	0,0238
National Olympic Committee	0,1886	0,2381
HVAC	0,1886	0,6429
Hurling	0,1881	0,2143
Radio National	0,1877	0,1190
Supersonic speed	0,1873	0,6667
Mainframe computer	0,1868	0,0238
American Automobile Association	0,1866	0,2143
Super featherweight	0,1863	0,6905
Planetarium	0,1858	0,0238
Barracks	0,1852	0,0000
Ivory	0,1850	0,0000
Marie Claire	0,1849	0,0952
Clean and jerk	0,1848	0,4286
Hippopotamus	0,1846	0,0000
Louisiana Purchase Exposition	0,1834	0,1905
Ordnance Survey	0,1826	0,2143
Cinema of Germany	0,1821	0,3810
Philips Arena	0,1818	0,0000
Pepperdine University	0,1817	0,0476
Brake	0,1817	0,0714
Illinois State University	0,1817	0,0238
Dredging	0,1816	0,3095
General Post Office	0,1815	0,2381
Boston University	0,1807	0,0476
Hail	0,1793	0,0476
Iron ore	0,1783	0,0476
Direct current	0,1777	0,4762
Low Earth orbit	0,1766	0,5714
Polka	0,1761	0,3095
Air traffic control	0,1759	0,3333
Radula	0,1758	0,1429
Chief minister	0,1758	0,2619
Japanese yen	0,1755	0,1429
Admiral	0,1755	0,2381
International Space Station	0,1755	0,0238
FIFA	0,1753	0,1667
Belgian Congo	0,1751	0,1667
Global Positioning System	0,1749	0,5952
Card game	0,1744	0,2381
Paleogene	0,1732	0,8095
Colorado State University	0,1728	0,0238
Coat of arms	0,1727	0,0714
Oyster	0,1724	0,0000
American Wrestling Association	0,1720	0,2857
Kingdom of Hanover	0,1714	0,2619
California Historical Landmark	0,1709	0,3333
Digital camera	0,1709	0,0714
Order of Lenin	0,1707	0,3810
Doctor Who Magazine	0,1706	0,0476
Amateur Athletic Union	0,1699	0,1429
Wet season	0,1692	0,4762
Paper mill	0,1692	0,1190
Paint	0,1691	0,0000
Wesleyan University	0,1683	0,0714
Football Federation Australia	0,1682	0,1190
Perennial stream	0,1679	0,0714
Antique	0,1671	0,2619
Central Michigan University	0,1671	0,0714
Western Union	0,1670	0,2143
Cape Colony	0,1670	0,1667
Original equipment manufacturer	0,1668	0,4524
Seating capacity	0,1668	0,7857
Bradley Center	0,1667	0,0000
Kerosene	0,1665	0,0000
Drake University	0,1648	0,0238
General Services Administration	0,1645	0,1429
International nonproprietary name	0,1644	0,6667
Census of India	0,1643	0,6190
Harlem Globetrotters	0,1637	0,1429
Shah	0,1634	0,3810
Iowa State University	0,1628	0,0238
Indiana University Bloomington	0,1624	0,0238
Duchy of Brabant	0,1617	0,3571
Princeton University	0,1610	0,0238
Canadian Army	0,1607	0,1667
Lord Lieutenant	0,1600	0,2857
Record producer	0,1599	0,2857
Salsa music	0,1596	0,2857
Transcontinental railroad	0,1594	0,2619
Cricetidae	0,1592	0,0952
Slider	0,1578	0,2857
Auckland Rugby League	0,1574	0,1905
Adjutant	0,1572	0,4048
Bandy	0,1570	0,3095
Arginine	0,1566	0,1190
Mordellidae	0,1558	0,0238
Old Dominion University	0,1552	0,0238
Fuel cell	0,1552	0,1190
Indiegogo	0,1545	0,1667
College of Arms	0,1541	0,2619
German Football Association	0,1539	0,2619
Good Morning America	0,1533	0,2143
Classic cycle races	0,1529	0,4286
Theme music	0,1526	0,2143
Roman roads	0,1522	0,0238
Bankers Life Fieldhouse	0,1520	0,0238
Greenhouse	0,1519	0,0000
Graphical user interface	0,1514	0,2857
Columbidae	0,1513	0,1667
Centre Georges Pompidou	0,1512	0,0238
Georgia State University	0,1510	0,0238
ESPN Radio	0,1509	0,3095
Herb	0,1506	0,0952
Carousel	0,1506	0,0000
England cricket team	0,1506	0,1429
Fountain	0,1499	0,0000
Clam	0,1497	0,0238
Bucknell University	0,1489	0,0476
Barclays Center	0,1489	0,0000
Paddle steamer	0,1488	0,0476
Johns Hopkins Hospital	0,1487	0,0000
Loyola Marymount University	0,1485	0,0476
Melbourne Cricket Ground	0,1477	0,0476
Land lot	0,1470	0,0000
St Andrews	0,1468	0,0000
Kansas Territory	0,1466	0,2381
Battle of Gettysburg	0,1465	0,2857
Banaras Hindu University	0,1450	0,0000
Civil Air Patrol	0,1450	0,1667
East Carolina University	0,1440	0,0238
Prothorax	0,1439	0,0000
Solar panel	0,1435	0,0000
Dublin Castle	0,1430	0,1190
FINA	0,1425	0,2857
Coal town	0,1422	0,2381
Governor of Queensland	0,1420	0,2381
Big South Conference	0,1415	0,2619
Volcanic ash	0,1396	0,0000
Straits Settlements	0,1390	0,2857
Municipality	0,1376	0,5238
NCAA Division I	0,1369	0,4286
Kansas State University	0,1368	0,0476
Internal combustion engine	0,1367	0,0000
Makerere University	0,1361	0,0714
Florida International University	0,1358	0,0476
Australian Rugby League	0,1356	0,1429
Barrio	0,1353	0,2381
Town square	0,1352	0,1190
Manga	0,1343	0,2143
Country Music Association	0,1342	0,2381
General officer commanding	0,1334	0,3095
Limestone	0,1331	0,0000
Set list	0,1319	0,1190
CBS Radio	0,1317	0,1190
Cirque du Soleil	0,1305	0,1667
Jet engine	0,1304	0,0476
Battle of Crete	0,1302	0,2857
Egg as food	0,1302	0,1429
Action figure	0,1301	0,0714
Sister ship	0,1301	0,3571
Dumfries	0,1300	0,0476
Rocket engine	0,1300	0,0000
Gasoline	0,1292	0,0000
Area	0,1291	0,7619
Black Sea Fleet	0,1287	0,0714
Soviet Navy	0,1286	0,0714
Scots Guards	0,1284	0,1190
Heritage Lottery Fund	0,1283	0,2619
Micropolitan statistical area	0,1280	0,3810
Chairman	0,1279	0,2619
ARM architecture	0,1279	0,5476
List of Decepticons	0,1274	0,2143
College baseball	0,1274	0,3333
Computer Gaming World	0,1273	0,1190
Ashlar	0,1273	0,0714
Sausage	0,1272	0,0000
Conference USA	0,1270	0,2619
Southern Hemisphere	0,1268	0,3095
Coaches Poll	0,1268	0,2619
Dumbarton	0,1267	0,0238
North Khorasan Province	0,1264	0,1190
Canadian Pacific Railway	0,1261	0,0238
Dow Chemical Company	0,1261	0,2143
Rhyolite	0,1260	0,0238
Junior ice hockey	0,1260	0,2143
Geography of Taiwan	0,1260	0,2381
Proteaceae	0,1259	0,0952
Georges Bizet	0,1253	0,0238
Dewan Rakyat	0,1251	0,1905
Eastern Michigan University	0,1249	0,0238
Interceptor aircraft	0,1248	0,1190
Seagrass	0,1248	0,0952
DuMont Television Network	0,1235	0,3095
Kingdom of Aragon	0,1226	0,3571
LSU Tigers football	0,1225	0,1429
Direct free kick	0,1222	0,4524
Brigadier	0,1221	0,3571
Fish fin	0,1219	0,0000
Isle of Man	0,1218	0,0238
Pavilion	0,1217	0,0238
Grand Canyon	0,1216	0,0000
Dublin GAA	0,1213	0,2143
NCAA Division III	0,1213	0,2619
New Guinea campaign	0,1207	0,4048
Canterbury Cathedral	0,1204	0,0000
Parking lot	0,1203	0,0000
GMA Dove Award	0,1195	0,1429
Bridge	0,1195	0,0000
Concert band	0,1194	0,1190
College ice hockey	0,1188	0,3333
Finch	0,1185	0,0238
Invasion of Normandy	0,1185	0,4048
Imperial Russian Navy	0,1180	0,1190
Super Bowl	0,1179	0,2143
British Antarctic Survey	0,1172	0,2857
Ford Model T	0,1168	0,0000
Opus number	0,1164	0,5714
High school football	0,1164	0,4762
Ladakh	0,1162	0,0476
Concerto	0,1161	0,3571
Operation Torch	0,1160	0,3810
Kamakura	0,1160	0,0238
GameSpot	0,1157	0,0476
Battle of Trafalgar	0,1157	0,5238
Indian Territory	0,1154	0,2857
CTV Television Network	0,1153	0,1429
Rockefeller Center	0,1149	0,0000
Suspension bridge	0,1137	0,0238
Florida Atlantic University	0,1135	0,0714
Paddy field	0,1131	0,0238
Buenos Aires Province	0,1129	0,0952
Battle of Chickamauga	0,1127	0,3095
Battle of Antietam	0,1125	0,3333
Hanoi	0,1124	0,0238
Chief executive officer	0,1121	0,3095
South Ossetia	0,1121	0,0238
Satellite Awards	0,1113	0,2619
Clare GAA	0,1112	0,1905
Adobe Flash	0,1112	0,1429
Corinth	0,1112	0,0238
Chalk	0,1109	0,0000
Veliky Novgorod	0,1109	0,0476
Grey Cup	0,1108	0,1190
TD Garden	0,1108	0,0000
Protoconch	0,1105	0,1429
Digital terrestrial television	0,1100	0,5714
Battalion	0,1100	0,2143
BHP Billiton	0,1097	0,1905
Kingdom of Portugal	0,1089	0,2143
Palais Garnier	0,1088	0,0000
Big West Conference	0,1087	0,1905
Military air base	0,1084	0,0000
Flour	0,1084	0,0000
Late Jurassic	0,1084	0,8095
Best and fairest	0,1080	0,7143
Divisional general	0,1079	0,2857
UCLA Bruins	0,1077	0,1429
Conservatoire de Paris	0,1076	0,0238
Stockholm University	0,1067	0,0000
Locus Award	0,1065	0,1905
Southeastern Conference	0,1064	0,3571
Attack aircraft	0,1063	0,1190
Jammu and Kashmir	0,1063	0,0476
Edinburgh Festival	0,1058	0,1190
Expansion team	0,1058	0,3333
Electric guitar	0,1055	0,0000
Michigan Wolverines football	0,1055	0,1667
Carnegie Mellon University	0,1053	0,0238
Courtyard	0,1051	0,0000
Pit stop	0,1040	0,2381
PowerPC	0,1038	0,5000
President	0,1038	0,2381
New York Yankees	0,1036	0,1905
Chief technology officer	0,1029	0,2143
Lloyds Bank	0,1028	0,0952
Imperial Chemical Industries	0,1027	0,2619
Iowa Hawkeyes football	0,1021	0,1429
Escarpment	0,1019	0,0238
PepsiCo	0,1017	0,1190
Harp	0,1014	0,0000
Hong Kong dollar	0,1013	0,0238
American International Group	0,1013	0,1667
Pinophyta	0,1011	0,0714
French Air Force	0,1006	0,1190
Mecklenburg	0,1003	0,1190
Ridge	0,0997	0,0000
Comedy Central	0,0993	0,1905
Cirque	0,0992	0,1667
Operation Deep Freeze	0,0988	0,3095
Lamiaceae	0,0985	0,1190
Laurence Olivier Award	0,0984	0,1905
Yellow River	0,0982	0,0000
Lap steel guitar	0,0980	0,0000
Golden Gate Bridge	0,0980	0,0000
Starting pitcher	0,0971	0,2381
Audio mastering	0,0969	0,5238
Image Comics	0,0969	0,1190
Exhibition game	0,0966	0,1905
Cinnamon	0,0966	0,0000
Russia	0,0960	0,0000
Flax	0,0959	0,0000
Fox Broadcasting Company	0,0958	0,1667
Texas League	0,0956	0,1905
Northern Mariana Islands	0,0951	0,0000
Land Rover	0,0950	0,0714
Music Canada	0,0949	0,2857
Triple J	0,0949	0,1190
Cornerback	0,0947	0,2857
Soy sauce	0,0942	0,0000
League of Ireland	0,0941	0,2143
American football positions	0,0936	0,4524
Regiment	0,0934	0,2619
Padma Shri	0,0933	0,2381
Locomotive	0,0932	0,0000
Nebraska Cornhuskers football	0,0927	0,1429
Departments of Colombia	0,0926	0,3333
Padma Bhushan	0,0926	0,2857
ESPN College Basketball	0,0923	0,2619
Landing craft	0,0916	0,1667
Soundtrack album	0,0915	0,2143
Indian Air Force	0,0912	0,0952
Declaration and forfeiture	0,0912	0,5238
IBM PC compatible	0,0905	0,1905
Forecastle	0,0905	0,0238
Roadrunner Records	0,0902	0,2619
Chemical Abstracts Service	0,0901	0,2619
Cy Young Award	0,0899	0,2143
Digital Equipment Corporation	0,0899	0,2381
Central Time Zone	0,0898	0,4286
Champ Car	0,0897	0,1905
Jamaica	0,0893	0,0476
Digital cable	0,0891	0,2619
Armagh	0,0891	0,0000
Hectare	0,0886	0,3571
Montgomery Ward	0,0885	0,1190
Kentucky Wildcats football	0,0881	0,3095
Northern Football League	0,0876	0,3810
Illinois Central Railroad	0,0867	0,1429
Red deer	0,0866	0,0000
Bell Labs	0,0866	0,2143
Firth of Forth	0,0859	0,0000
Puget Sound	0,0858	0,0000
Central America	0,0857	0,1667
Cairn	0,0856	0,0000
American Hockey League	0,0852	0,2143
Railcar	0,0848	0,0000
Polypropylene	0,0847	0,0952
NASCAR	0,0846	0,2857
British Racing Motors	0,0845	0,2381
Confluence	0,0839	0,3095
Poland	0,0836	0,0238
Forest of Dean	0,0835	0,0714
Baghdad	0,0832	0,0238
Linux distribution	0,0831	0,3810
Adelaide Football Club	0,0830	0,1905
Bus rapid transit	0,0829	0,4286
Wasps RFC	0,0829	0,1905
Formula One	0,0827	0,2857
British Virgin Islands	0,0825	0,0238
Big Day Out	0,0824	0,2619
Ryanair	0,0822	0,1905
Banjo	0,0821	0,0000
Canberra Raiders	0,0807	0,1190
National Basketball Association	0,0807	0,1429
Chicago White Sox	0,0805	0,1429
Gaza City	0,0804	0,0238
Operation Market Garden	0,0801	0,5000
Masters Tournament	0,0798	0,1667
Base on balls	0,0798	0,3095
Trafalgar Square	0,0796	0,0000
Bertelsmann Music Group	0,0791	0,1667
NFL Network	0,0787	0,3571
Narthex	0,0787	0,1667
Ghana	0,0787	0,0238
Boxing Day	0,0784	0,7857
Dallas Mavericks	0,0781	0,1429
Northrop Grumman	0,0779	0,1667
Mitsubishi	0,0777	0,1667
British Phonographic Industry	0,0775	0,2143
Ford Mustang	0,0775	0,0476
Destroyer	0,0774	0,0952
Charlotte Hornets	0,0774	0,1429
Irish Sea	0,0770	0,0238
CBS Sports Network	0,0769	0,2143
New South Wales	0,0767	0,0476
Lesotho	0,0766	0,0714
Fin	0,0762	0,1190
Melbourne Victory FC	0,0760	0,0952
Frasier	0,0760	0,2381
Gipuzkoa	0,0758	0,1667
Football in Germany	0,0755	0,3333
Kalgoorlie	0,0750	0,0238
Def Jam Recordings	0,0744	0,2381
Minnesota Timberwolves	0,0744	0,0714
Panama	0,0743	0,0476
London Symphony Orchestra	0,0743	0,1429
Sauvignon blanc	0,0742	0,0476
Television comedy	0,0741	0,3095
Bogie	0,0739	0,1190
Sierra Entertainment	0,0739	0,1667
Caucasus Mountains	0,0738	0,0238
PGA Championship	0,0738	0,2143
Bolivia	0,0737	0,0476
Official Charts Company	0,0737	0,1667
Florida Gators football	0,0735	0,1667
Indian Premier League	0,0734	0,1429
Meadowlands Arena	0,0732	0,0000
Compressed natural gas	0,0731	0,1429
Firth of Clyde	0,0731	0,0714
FA Cup Final	0,0730	0,1667
Sky UK	0,0728	0,2143
Lexus	0,0724	0,2619
Kottayam	0,0723	0,0476
Missouri Pacific Railroad	0,0721	0,1429
Croix de Guerre	0,0720	0,1667
Ifriqiya	0,0720	0,4048
Caspian Sea	0,0719	0,0000
Earned run average	0,0719	0,7619
Club Universidad Nacional	0,0719	0,1667
Motorola	0,0715	0,2381
RCA Records	0,0709	0,1429
Virgin Media	0,0706	0,2381
Chief operating officer	0,0706	0,3095
Music video game	0,0704	0,1429
Bavarian State Opera	0,0702	0,1667
River Shannon	0,0702	0,0000
Chicago Symphony Orchestra	0,0702	0,0476
Horse length	0,0701	0,6667
Star Plus	0,0701	0,2143
Most valuable player	0,0694	0,3571
Running back	0,0693	0,2857
Corrugated galvanised iron	0,0691	0,0000
Rivers State	0,0682	0,0714
Away goals rule	0,0682	0,7619
Parramatta Eels	0,0682	0,1429
Interurban	0,0680	0,0714
Grenada	0,0676	0,0238
Municipalities of Germany	0,0676	0,4286
Municipalities of Luxembourg	0,0673	0,1905
Makassar	0,0671	0,0476
National Hockey League	0,0671	0,2857
Microsoft SQL Server	0,0670	0,4762
GitHub	0,0668	0,5238
Jura Mountains	0,0667	0,0238
Kabul	0,0666	0,0238
British Columbia Coast	0,0665	0,0238
Irish Derby	0,0665	0,2381
New Zealand Warriors	0,0664	0,1429
Peru	0,0663	0,0476
Calgary Stampeders	0,0662	0,1429
Sligo	0,0659	0,0238
FK Austria Wien	0,0659	0,2143
Club Olimpia	0,0657	0,1429
Gwalior	0,0648	0,0476
Central business district	0,0648	0,1429
Verve Records	0,0643	0,2143
Essendon Football Club	0,0643	0,2381
Bay of Fundy	0,0643	0,0000
English National Opera	0,0642	0,1667
Game Show Network	0,0641	0,2381
Berlin State Opera	0,0639	0,1429
Stanley Cup	0,0639	0,1905
Los Angeles Philharmonic	0,0638	0,1429
Sauber	0,0637	0,2381
Gable	0,0631	0,1190
American Airlines	0,0630	0,1667
Israeli Premier League	0,0628	0,2381
Aerospace Defense Command	0,0625	0,1429
Jaffa	0,0625	0,0238
Reserve fleet	0,0624	0,2619
ATP International Series	0,0623	0,2143
Billboard Music Award	0,0618	0,1667
Millet	0,0615	0,0000
Yarra River	0,0615	0,0000
Municipalities of Spain	0,0613	0,2857
Illinois	0,0612	0,0476
BBC One	0,0611	0,1190
Chartres	0,0611	0,0476
North Sea	0,0608	0,0000
Penrith Panthers	0,0607	0,1190
Human settlement	0,0607	0,2619
Major League Soccer	0,0606	0,2619
Florida State League	0,0601	0,2857
Lieutenant commander	0,0599	0,3095
Holly	0,0599	0,0714
Plywood	0,0599	0,0000
London Records	0,0596	0,2381
IDW Publishing	0,0595	0,1190
Innings pitched	0,0591	0,4524
Black pepper	0,0590	0,0000
Via Rail	0,0590	0,0952
Nordstrom	0,0589	0,0714
Latin Grammy Award	0,0588	0,1429
Casemate	0,0587	0,0238
American Football League	0,0586	0,2857
Sesame	0,0583	0,0000
Bass Strait	0,0581	0,0000
Pisa	0,0579	0,0000
Internet Explorer	0,0578	0,2619
New England Revolution	0,0577	0,3095
Bongo drum	0,0574	0,0000
KK Crvena zvezda	0,0573	0,1429
Jordan Grand Prix	0,0571	0,1190
FC Dynamo Moscow	0,0571	0,1190
Los Angeles Rams	0,0570	0,1667
Third rail	0,0568	0,3095
National Football League	0,0567	0,2381
Snooker	0,0567	0,2381
Alder	0,0565	0,1429
Benghazi	0,0560	0,0238
International Date Line	0,0559	0,7619
Kolkata	0,0559	0,0238
ECM Records	0,0558	0,1905
Lancia	0,0556	0,1667
Baguio	0,0553	0,0000
Brixton	0,0549	0,0714
Meghalaya	0,0545	0,0952
Naval Vessel Register	0,0545	0,1190
Penzance	0,0544	0,0476
Otago cricket team	0,0542	0,1667
Chevrolet	0,0542	0,1905
Worcester Warriors	0,0542	0,0952
Side platform	0,0542	0,0238
Hiroshima	0,0540	0,0000
Census in Australia	0,0536	0,4286
Ernakulam	0,0535	0,0238
Nunavut	0,0535	0,0952
Barley	0,0534	0,0000
Bandcamp	0,0530	0,1429
New York Giants	0,0528	0,1667
Superleague Greece	0,0526	0,2619
Handley Page Halifax	0,0525	0,0476
Elk	0,0518	0,0000
Heavy cruiser	0,0511	0,0000
Asda	0,0510	0,1429
Sint Maarten	0,0507	0,0238
Train station	0,0504	0,0000
Melbourne Storm	0,0504	0,0714
Lintel	0,0502	0,0000
New York Liberty	0,0502	0,0952
Detroit Red Wings	0,0501	0,1667
Pristina	0,0499	0,0000
Norfolk Southern Railway	0,0499	0,0952
National League North	0,0497	0,3333
Erbil	0,0496	0,0476
Mississippi River	0,0496	0,0000
Rimini	0,0493	0,0238
Arlington National Cemetery	0,0490	0,0000
New England Patriots	0,0489	0,1429
National Invitation Tournament	0,0488	0,1905
Lagos	0,0487	0,0000
Ghent	0,0485	0,0000
Reggio Emilia	0,0484	0,0238
Olympique de Marseille	0,0481	0,2143
Porch	0,0480	0,0000
Smolensk	0,0478	0,0000
Rogers Centre	0,0477	0,0000
Mezzanine	0,0477	0,0238
Fifth Air Force	0,0476	0,1190
Malacca	0,0474	0,0714
Batangas	0,0474	0,0238
Harland and Wolff	0,0473	0,1667
De Havilland Mosquito	0,0472	0,0000
North Carolina	0,0472	0,0238
Monday Night Football	0,0470	0,2619
Aylesbury	0,0469	0,0238
College World Series	0,0464	0,0952
Los Angeles Kings	0,0463	0,1429
Australian Football League	0,0463	0,2619
China League Two	0,0463	0,3810
Nintendo Entertainment System	0,0462	0,0238
Hawthorn Football Club	0,0461	0,1429
Bonnaroo Music Festival	0,0459	0,0952
Florida	0,0459	0,0476
Conning tower	0,0456	0,0476
Baltimore	0,0456	0,0000
Gulf of Guinea	0,0454	0,0238
Chinese Super League	0,0454	0,2381
Wake Island	0,0454	0,0000
Mississauga	0,0453	0,0238
Aargau	0,0452	0,0714
ABB Group	0,0449	0,1667
Lille OSC	0,0445	0,1190
Geelong Football Club	0,0444	0,1667
Llanelli	0,0443	0,0476
Northern Cape	0,0442	0,0476
Knockhill Racing Circuit	0,0440	0,0952
Maple Leaf Gardens	0,0438	0,0000
Brampton	0,0435	0,0238
Club Atlas	0,0435	0,1190
Philadelphia Flyers	0,0434	0,1667
Eastern Time Zone	0,0432	0,8095
Central Statistical Agency	0,0432	0,1190
Real Valladolid	0,0431	0,1667
FC Lokomotiv Moscow	0,0430	0,1429
LNB Pro A	0,0429	0,2381
Bristol Channel	0,0427	0,0000
Friends Provident Trophy	0,0427	0,2381
Moncton	0,0426	0,0238
Norwegian Football Cup	0,0425	0,1905
River mouth	0,0425	0,1190
Baluster	0,0424	0,0000
Guanajuato	0,0424	0,0714
Montreux Jazz Festival	0,0423	0,0952
Harbin	0,0421	0,0238
China League One	0,0418	0,3810
Northampton	0,0415	0,0238
Luton	0,0414	0,0238
Panay	0,0411	0,0000
Barbican Centre	0,0411	0,0000
Comarques of Catalonia	0,0411	0,1905
Swinton Lions	0,0407	0,2143
ACF Fiorentina	0,0404	0,1667
Manchester	0,0404	0,0238
Belgaum	0,0403	0,0238
Kingston upon Hull	0,0402	0,0000
Hertha BSC	0,0401	0,1667
Caribbean Sea	0,0399	0,0238
Selangor FA	0,0398	0,1667
Guaranteed Rate Field	0,0395	0,0000
Eredivisie	0,0392	0,1429
Quezon City	0,0392	0,0238
Action Comics	0,0392	0,1429
Bristol	0,0389	0,0238
Central Hockey League	0,0385	0,2381
Arezzo	0,0384	0,0238
Monmouth	0,0384	0,0476
FC Rubin Kazan	0,0384	0,1429
Perth	0,0383	0,0476
Minnesota North Stars	0,0383	0,1429
Durango	0,0382	0,0952
Municipalities of Switzerland	0,0377	0,2857
Peterborough	0,0376	0,0238
Corregimientos of Panama	0,0376	0,3095
HC Slovan Bratislava	0,0372	0,1190
Brooklyn Navy Yard	0,0370	0,0476
AZ Alkmaar	0,0369	0,1667
Quarterback sack	0,0368	0,4762
PAOK FC	0,0363	0,2143
Lewisham	0,0361	0,0714
ADO Den Haag	0,0357	0,2381
Czech First League	0,0357	0,2619
Finial	0,0357	0,1667
Rallidae	0,0357	0,0952
Rochdale	0,0355	0,0238
Municipalities of Brazil	0,0354	0,2619
Arizona Fall League	0,0345	0,1905
Los Angeles Sparks	0,0344	0,1429
BSC Young Boys	0,0340	0,1667
Siemens	0,0337	0,1905
Port Elizabeth	0,0337	0,0476
Buprestidae	0,0334	0,0952
Gulf of Finland	0,0334	0,0000
Distinguished Service Order	0,0333	0,2857
New Jersey Turnpike	0,0332	0,0000
Charter Communications	0,0329	0,1429
American Football Conference	0,0327	0,1905
Giessen	0,0327	0,0238
Sega Genesis	0,0325	0,0714
Macintosh operating systems	0,0324	0,4524
Deptford	0,0324	0,0952
New Taipei City	0,0323	0,0238
Beetle	0,0323	0,0238
Kannur	0,0317	0,0238
North Gyeongsang Province	0,0317	0,0952
Alicante	0,0317	0,0238
AS Monaco FC	0,0314	0,1905
Epsom Downs Racecourse	0,0312	0,0000
Wigan Warriors	0,0312	0,1905
Bay of Biscay	0,0308	0,0476
San Salvador	0,0305	0,0000
Messina	0,0302	0,0238
Plymouth	0,0299	0,0238
Vale Park	0,0298	0,0000
Bramall Lane	0,0296	0,0000
Ramsgate	0,0292	0,0238
Chamonix	0,0283	0,0238
Bremen	0,0277	0,0238
Kota Kinabalu	0,0274	0,0238
MAN SE	0,0271	0,2143
Le Havre AC	0,0267	0,1667
Lorient	0,0265	0,0476
Kazakhstan Premier League	0,0265	0,2619
Oulu	0,0264	0,0238
Cosmopterigidae	0,0261	0,1667
Geneva Motor Show	0,0259	0,0952
Paramaribo	0,0252	0,0238
Namco	0,0250	0,1905
MacOS	0,0249	0,3571
EFL League Two	0,0243	0,2381
Copa do Brasil	0,0242	0,1190
Location identifier	0,0241	0,5238
Bahrain International Circuit	0,0236	0,0476
Clerestory	0,0228	0,0238
London Paddington station	0,0225	0,0000
Jaipur	0,0221	0,0238
Muban	0,0218	0,3095
Mar del Plata	0,0213	0,0238
Norfolk Naval Shipyard	0,0210	0,0000
Cypriot First Division	0,0205	0,2143
Talladega Superspeedway	0,0204	0,0476
Eulimidae	0,0204	0,0952
IPod Touch	0,0200	0,0238
Giants Stadium	0,0198	0,0000
Concelho	0,0190	0,5000
Pyramidellidae	0,0189	0,1905
Las Palmas	0,0188	0,0000
Intercity Istanbul Park	0,0186	0,0238
Elland Road	0,0184	0,0000
Daytona International Speedway	0,0181	0,0000
Bremerhaven	0,0177	0,0238
Algarve International Circuit	0,0170	0,0000
Leyte Gulf	0,0169	0,0952
Aveyron	0,0166	0,2143
Brands Hatch	0,0164	0,0476
Injured reserve list	0,0163	0,3333
Birkenhead	0,0161	0,0238
Kiel	0,0160	0,0238
Loiret	0,0157	0,0476
Gaon Music Chart	0,0153	0,1667
Malaysia Premier League	0,0149	0,2143
Grass court	0,0146	0,0000
Pocono Raceway	0,0145	0,0000
DVD region code	0,0143	0,4286
Gmina	0,0140	0,3810
Soprano saxophone	0,0137	0,0238
Podkarpackie Voivodeship	0,0135	0,0952
Charlotte Motor Speedway	0,0130	0,0000
Top Heatseekers	0,0129	0,3571
Autodromo Nazionale Monza	0,0120	0,0000
Bristol Motor Speedway	0,0112	0,0238
Circuit Zolder	0,0112	0,0476
Naval Station Norfolk	0,0108	0,0476
Circuito de Jerez	0,0091	0,0476
Sportsland SUGO	0,0089	0,0000
Hot Rap Songs	0,0083	0,1667
Bulbophyllum	0,0074	0,2143
Bakhsh	0,0059	0,2381
Country Airplay	0,0057	0,2619
Friedrich Krupp Germaniawerft	0,0055	0,0714
Hot Country Songs	0,0027	0,2619
Fasciolariidae	0,0024	0,0714
Mordellistena	0,0014	0,0714
